{"classes": ["negative", "positive"], "coef": [[0.15157992785455635, -0.15157992785455635, -0.15157992785455635, 0.15157992785455635, 0.15157992785455635, -0.15157992785455635, -0.15157992785455635, -0.15157992785455635, 0.15157992785455635, -0.15157992785455635, 0.15157992785455635, 0.15157992785455635, 0.15157992785455635, -0.15157992785455635]], "intercept": [0.0], "vectorizer_vocabulary": {"my": 8, "headache": 4, "disappeared": 3, "after": 0, "taking": 11, "the": 12, "pill": 10, "this": 13, "medicine": 7, "is": 6, "not": 9, "helpful": 5, "at": 2, "all": 1}}